index,t_ms,e_db,zcr,centroid,flatness,flux,lf_ratio,hf_ratio,f0,clarity,floor_db_after
0,-11,-120,0.0501567,1774.48,0.273575,0,0.561535,0.2384,199.404,0.175126,-85
1,-1,-54.4936,0.197492,1477.88,0.264897,9.41807,0.6515,0.186648,197.151,0.18702,-85
2,9,-55.2157,0.297806,1924.52,0.394242,3.47025,0.521209,0.218557,197.102,0.16979,-85
3,19,-56.7239,0.335423,2357.4,0.458515,2.0057,0.388169,0.246343,305.588,0.140409,-85
4,29,-55.2014,0.30721,1760.79,0.363525,2.68155,0.523362,0.176762,116.832,0.179096,-85
5,39,-56.116,0.247649,1781.26,0.350404,8.92825,0.462934,0.163039,263.554,0.197305,-55.2014
6,49,-54.8567,0.250784,1975.93,0.396807,0.439825,0.442195,0.18998,307.456,0.141759,-55.6587
7,59,-55.2058,0.231975,1415.68,0.274642,0.580464,0.64136,0.134532,85.8727,0.162921,-55.3914
8,69,-53.5721,0.216301,1331.17,0.225947,0.440249,0.663029,0.132412,79.5945,0.265522,-55.345
9,79,-54.5514,0.213166,1497.72,0.24392,0.687581,0.543881,0.132245,79.4839,0.294717,-54.9904
10,89,-54.9661,0.257053,1729.84,0.326815,0.576178,0.454025,0.165022,258.659,0.175587,-54.9172
11,99,-54.315,0.297806,1690.58,0.311976,0.459928,0.55866,0.171314,89.0097,0.110021,-54.9242
12,109,-55.2706,0.272727,1747.27,0.318839,0.468458,0.529766,0.160337,91.8804,0.267188,-54.8481
13,119,-55.3874,0.269592,1655.85,0.294264,0.37433,0.536385,0.153144,105.321,0.321817,-54.895
14,129,-54.712,0.266458,1608.39,0.312057,0.435886,0.547359,0.15708,112.111,0.396672,-54.9443
15,139,-55.367,0.225705,1461.5,0.270028,0.467649,0.518479,0.124924,138.841,0.237833,-54.9231
16,149,-53.6906,0.216301,1414.59,0.275023,0.446255,0.578812,0.123498,138.733,0.180717,-54.9601
17,159,-55.9399,0.257053,1652.45,0.299135,0.448476,0.554152,0.16115,135.984,0.189316,-54.8625
18,169,-54.4593,0.247649,1474.67,0.290655,0.484437,0.59843,0.126835,143.745,0.352772,-54.9394
19,179,-53.6699,0.23511,1277.48,0.230659,0.485833,0.688206,0.112933,145.332,0.262137,-54.9074
20,189,-55.4399,0.31348,1684.06,0.331,0.499556,0.545954,0.161745,146.752,0.223112,-54.8301
21,199,-55.9212,0.369906,2122.92,0.382125,0.257887,0.453398,0.245202,114.428,0.15616,-54.866
22,209,-56.0008,0.326019,2260.21,0.454824,0.332543,0.435631,0.296075,81.6272,0.195055,-54.9246
23,219,-55.034,0.247649,1578.56,0.297184,0.510997,0.571953,0.162449,301.594,0.109192,-54.9812
24,229,-54.3395,0.272727,1591.06,0.325377,0.468054,0.590099,0.181702,80.5855,0.204964,-54.9839
25,239,-55.4696,0.282132,1805.25,0.333776,0.35721,0.518262,0.215362,145.523,0.146528,-54.9532
26,249,-54.8201,0.238245,1537.74,0.265128,0.500837,0.585079,0.171493,76.1889,0.200866,-54.9767
27,259,-53.9134,0.288401,1466.54,0.275666,0.467161,0.616256,0.148277,75.4031,0.21173,-54.9698
28,269,-55.4975,0.30094,2141.94,0.414929,0.457886,0.45676,0.255086,339.729,0.13082,-54.9258
29,279,-55.6685,0.282132,2121.58,0.402016,0.401438,0.363238,0.227495,125.736,0.166101,-54.9487
30,289,-55.8148,0.238245,1910.81,0.35478,0.41234,0.434979,0.180387,78.5305,0.173122,-54.9764
31,299,-54.6376,0.206897,1570.95,0.287407,0.48442,0.61073,0.18784,89.2584,0.178195,-55.0074
32,309,-54.44,0.23511,1303.11,0.278594,0.489133,0.659337,0.133921,98.6168,0.333177,-54.9942
33,319,-54.7435,0.288401,1703.61,0.347454,0.416231,0.555002,0.179246,95.8327,0.303771,-54.9751
34,329,-53.4019,0.275862,1417.96,0.261251,0.539515,0.662166,0.152517,78.3927,0.190722,-54.9674
35,339,-54.2231,0.263323,1326.34,0.233148,0.499016,0.693746,0.134771,155.878,0.116676,-54.9169
36,349,-56.6443,0.329154,2234.86,0.447962,0.382814,0.414887,0.272908,92.539,0.2124,-54.8952
37,359,-54.7798,0.319749,1920.81,0.37294,0.447867,0.496415,0.207728,245.061,0.12868,-54.9482
38,369,-55.0189,0.257053,1820.46,0.353142,0.463525,0.489674,0.193205,344.957,0.164738,-54.9433
39,379,-53.8102,0.23511,1537.71,0.254598,0.533328,0.599145,0.169986,294.689,0.138533,-54.9454
40,389,-53.5409,0.216301,1365.83,0.262041,0.478609,0.624271,0.137734,94.5673,0.252998,-54.9139
41,399,-54.696,0.194357,1429.31,0.294567,0.346415,0.64263,0.159505,85.9729,0.238311,-54.8768
42,409,-52.943,0.244514,1429.01,0.282184,0.463744,0.607471,0.14622,86.7269,0.128884,-54.872
43,419,-55.1933,0.266458,1749.15,0.330597,0.470881,0.561587,0.194301,76.6922,0.272644,-54.8226
44,429,-54.191,0.247649,1474.82,0.285299,0.458644,0.612258,0.14119,119.717,0.19714,-54.8318
45,439,-54.8561,0.257053,1512.59,0.287713,0.427798,0.574277,0.160292,120.367,0.21679,-54.8318
46,449,-54.2389,0.244514,1371.1,0.27605,0.433243,0.655819,0.140021,126.774,0.203774,-54.8318
47,459,-55.6909,0.225705,1673.8,0.315983,0.424394,0.540036,0.168476,111.098,0.130239,-54.8318
48,469,-53.7404,0.206897,1489.63,0.296687,0.427634,0.570181,0.151629,105.818,0.187395,-54.8318
49,479,-55.3108,0.219436,1537.86,0.278916,0.359552,0.603836,0.167936,105.428,0.187199,-54.8318
50,489,-53.6718,0.200627,1152.23,0.239454,0.465014,0.703823,0.114704,139.148,0.206654,-54.8318
51,499,-54.6297,0.244514,1475.14,0.304499,0.422081,0.625508,0.149767,149.647,0.175903,-54.8318
52,509,-54.881,0.319749,1767.27,0.332498,0.524052,0.549966,0.196895,155.146,0.216322,-54.8318
53,519,-55.1475,0.269592,1983.27,0.388678,0.522784,0.482691,0.211074,114.997,0.25953,-54.8318
54,529,-52.8026,0.225705,1250.16,0.232567,0.488465,0.635025,0.121261,115.194,0.454723,-54.8318
55,539,-53.4107,0.244514,1369.88,0.246883,0.413537,0.553716,0.131285,115.625,0.355662,-54.8318
56,549,-55.9776,0.266458,1978.01,0.399984,0.341407,0.415304,0.207798,115.814,0.15837,-54.8318
57,559,-55.5796,0.253918,1478.79,0.298089,0.388468,0.615919,0.146567,87.5003,0.315186,-54.8318
58,569,-51.7392,0.219436,961.352,0.181141,0.396382,0.741505,0.101002,107.657,0.329728,-54.8318
59,579,-54.9533,0.247649,1810.38,0.334676,0.487533,0.529515,0.221269,106.171,0.237616,-54.8318
60,589,-54.6317,0.30721,1820.84,0.311792,0.486684,0.528459,0.190454,142.61,0.112563,-54.8318
61,599,-56.4481,0.310345,2026.88,0.353516,0.399398,0.39441,0.209352,198.908,0.158248,-54.8318
62,609,-53.4176,0.263323,1289.47,0.242066,0.577543,0.638914,0.117919,79.2808,0.185033,-54.8318
63,619,-55.613,0.260188,1721.88,0.337068,0.334927,0.510009,0.167072,129.632,0.134177,-54.8318
64,629,-55.223,0.30094,1657.99,0.308283,0.396997,0.513635,0.179639,129.043,0.228089,-54.8318
65,639,-55.8053,0.294671,1757.62,0.294587,0.420282,0.45884,0.194813,109.581,0.226436,-54.8318
66,649,-54.6198,0.272727,1686.19,0.272533,0.425639,0.49403,0.177484,91.791,0.242139,-54.8318
67,659,-55.9053,0.288401,1880.13,0.376599,0.357832,0.461895,0.188029,79.229,0.261557,-54.8318
68,669,-56.3145,0.285266,1940.66,0.392054,0.409502,0.431891,0.19595,78.5636,0.252501,-54.8318
69,679,-54.6489,0.250784,1651.93,0.314306,0.522158,0.547573,0.166327,78.6739,0.293122,-54.8318
70,689,-53.2347,0.244514,1486.77,0.301462,0.484565,0.567231,0.151827,78.1053,0.247226,-54.8318
71,699,-54.4047,0.213166,1130.09,0.201493,0.35636,0.700556,0.119888,95.9255,0.164466,-54.8318
72,709,-53.8392,0.22884,1371.34,0.268917,0.373649,0.611458,0.134384,110.702,0.168141,-54.8318
73,719,-54.7436,0.244514,1601.34,0.286401,0.410869,0.578011,0.159154,211.719,0.176409,-54.8318
74,729,-53.3505,0.23511,1360.64,0.283662,0.4673,0.643025,0.1392,105.712,0.185954,-54.8318
75,739,-56.3203,0.294671,1710.55,0.333195,0.397421,0.573443,0.184492,105.373,0.187581,-54.8318
76,749,-54.3651,0.316614,1679.98,0.343489,0.568048,0.582345,0.177468,111.731,0.177044,-54.8318
77,759,-53.9991,0.263323,1517.01,0.311677,0.465823,0.639247,0.147688,120.93,0.184449,-54.8318
78,769,-53.8922,0.244514,1443.79,0.278914,0.497978,0.621743,0.116881,135.257,0.13824,-54.8318
79,779,-54.8691,0.257053,1557.22,0.30115,0.355185,0.622166,0.167051,152.637,0.176288,-54.8318
80,789,-54.3653,0.23511,1596.9,0.30091,0.495266,0.566471,0.150191,92.3332,0.166761,-54.8318
81,799,-54.2512,0.216301,1695.63,0.32143,0.495296,0.498746,0.174116,258.818,0.133073,-54.8318
82,809,-53.9476,0.188088,1511.56,0.280556,0.393249,0.560147,0.137019,85.1153,0.168787,-54.8318
83,819,-52.9582,0.206897,1602.23,0.303091,0.541517,0.611522,0.166079,75.9765,0.220436,-54.8318
84,829,-54.5587,0.266458,1877.33,0.374257,0.456959,0.423279,0.195186,89.9111,0.14299,-54.8318
85,839,-53.4645,0.269592,1161.52,0.21639,0.437586,0.695047,0.11222,88.2488,0.333944,-54.8318
86,849,-52.1096,0.188088,1060.57,0.205745,0.505232,0.709993,0.0903583,82.4274,0.344283,-54.8318
87,859,-52.9466,0.178683,1288.45,0.249356,0.445084,0.6749,0.123493,103.677,0.221215,-54.8318
88,869,-55.2582,0.238245,1726.37,0.336728,0.35869,0.520742,0.169175,80.0519,0.171598,-54.8318
89,879,-54.6487,0.225705,1582.23,0.321827,0.476198,0.541973,0.171924,80.0851,0.314403,-54.8318
90,889,-54.1058,0.238245,1669.91,0.32347,0.385464,0.551474,0.186017,79.8776,0.381284,-54.8318
91,899,-55.2325,0.244514,1653.97,0.312013,0.592848,0.439954,0.156577,1403.67,0.773801,-54.8318
92,909,-44.7009,0.200627,1413.85,0.0247827,1.08397,0.0386248,0.0127554,1385.43,0.9671,-54.8318
93,919,-33.3459,0.172414,1408.11,0.00882555,1.61536,0.00530981,0.00561678,1381.47,0.980097,-54.8318
94,929,-30.6808,0.175549,1409.5,0.0083697,1.73612,0.00271815,0.00562426,1392.6,0.981725,-54.8318
95,939,-30.543,0.175549,1434.09,0.00827012,1.22382,0.00247973,0.00550486,1408.31,0.979494,-54.8318
96,949,-30.5645,0.178683,1463.4,0.00784423,1.25259,0.00233735,0.00628988,1435.55,0.981202,-54.8318
97,959,-30.7266,0.184953,1486.59,0.00893148,1.14536,0.00273392,0.00617288,1454.93,0.983324,-54.8318
98,969,-31.0635,0.184953,1498.79,0.00818031,1.02982,0.00288934,0.0061296,1472.78,0.98528,-54.8318
99,979,-30.947,0.184953,1505.63,0.00760679,1.206,0.00304843,0.00402788,1489.77,0.982712,-54.8318
100,989,-31.0387,0.191223,1543.1,0.00879002,1.34287,0.00197303,0.00589442,1517.46,0.975969,-54.8318
101,999,-31.1272,0.194357,1579.78,0.00816531,1.1829,0.00217924,0.00582976,1562.59,0.971565,-54.8318
102,1009,-31.1168,0.200627,1636.45,0.00875237,1.42772,0.00329471,0.00703095,1613.27,0.968128,-54.8318
103,1019,-30.8928,0.210031,1692.94,0.0103,1.56191,0.0029721,0.0067709,1667.87,0.966163,-54.8318
104,1029,-30.5295,0.216301,1744.61,0.00920728,1.48975,0.00303165,0.00703301,1721.02,0.972352,-54.8318
105,1039,-30.3252,0.219436,1785.31,0.00802791,1.33584,0.0015996,0.00736511,1763.78,0.977109,-54.8318
106,1049,-30.4999,0.225705,1829.11,0.00856839,1.3654,0.00200281,0.0078365,1811.13,0.97337,-54.8318
107,1059,-30.273,0.231975,1882.97,0.00820959,1.44267,0.00223332,0.00697712,1865.31,0.967167,-54.8318
108,1069,-30.1193,0.241379,1939.85,0.00756703,1.43452,0.00214195,0.00732995,1924.29,0.972319,-54.8318
109,1079,-29.9876,0.247649,1990.08,0.00810966,1.42507,0.00201195,0.0065195,1973.05,0.979178,-54.8318
110,1089,-29.9898,0.250784,2034.91,0.00727314,1.26554,0.00188948,0.00703249,2011.28,0.982829,-54.8318
111,1099,-30.5249,0.257053,2072.87,0.00797299,1.16827,0.00209128,0.0091455,2041.83,0.985304,-54.8318
112,1109,-30.5379,0.257053,2089.37,0.00653138,1.24276,0.0016824,0.00745911,2074.81,0.979742,-54.8318
113,1119,-30.5136,0.263323,2127.26,0.00726367,1.34539,0.00187696,0.00748523,2105.11,0.976835,-54.8318
114,1129,-30.5571,0.266458,2154,0.00734205,1.13586,0.00236996,0.00711119,2131.16,0.975519,-54.8318
115,1139,-31.5291,0.269592,2165.65,0.00789206,0.866827,0.00218449,0.00755538,2145.09,0.978301,-54.8318
116,1149,-34.8187,0.269592,2168.6,0.00896741,0.403127,0.00302382,0.00828653,2149.68,0.974782,-54.8318
117,1159,-42.7789,0.263323,2148.86,0.0207521,0.318613,0.0168156,0.0113813,2150.95,0.964326,-54.8318
118,1169,-53.0692,0.219436,1794.04,0.171857,0.515643,0.329571,0.0838391,2148.06,0.889908,-54.8318
119,1179,-54.0455,0.253918,1354.62,0.246654,0.380329,0.641371,0.132913,129.171,0.276691,-54.8318
120,1189,-56.0317,0.304075,1765.62,0.342478,0.404772,0.576479,0.199099,191.212,0.18688,-54.8318
121,1199,-53.4416,0.253918,1557.42,0.318411,0.53917,0.625541,0.165888,80.2549,0.322776,-54.8318
122,1209,-53.9734,0.219436,1519.49,0.286183,0.397192,0.561618,0.159664,81.1229,0.30126,-54.8318
123,1219,-55.1163,0.253918,1820.21,0.343637,0.423805,0.471649,0.175144,84.5408,0.231483,-54.8318
124,1229,-57.5791,0.31348,2226.61,0.439264,0.287974,0.343203,0.240608,86.5132,0.166505,-54.8318
125,1239,-55.5012,0.310345,1820.47,0.346012,0.570894,0.447693,0.182079,93.2288,0.267025,-54.8318
126,1249,-54.8973,0.260188,1422.97,0.268992,0.413904,0.556898,0.148099,123.028,0.190402,-54.8318
127,1259,-53.988,0.269592,1386.79,0.271605,0.445792,0.650853,0.161415,137.996,0.20448,-54.8318
128,1269,-55.4054,0.30094,2060.28,0.401498,0.465641,0.408024,0.233381,135.61,0.17728,-54.8318
129,1279,-55.2901,0.304075,2009.31,0.383126,0.388018,0.474703,0.239938,224.228,0.148518,-54.8318
130,1289,-56.8382,0.322884,2220.71,0.443129,0.341468,0.400325,0.263548,81.1988,0.126827,-54.8318
131,1299,-55.399,0.294671,2023.97,0.360243,0.572216,0.414826,0.228348,219.67,0.135299,-54.8318
132,1309,-55.1472,0.288401,1813.25,0.37666,0.435398,0.516671,0.201727,109.407,0.219951,-54.8318
133,1319,-54.4578,0.288401,1528.15,0.299029,0.389437,0.600655,0.15931,108.743,0.246305,-54.8318
134,1329,-54.6138,0.275862,1717.79,0.32636,0.484046,0.5284,0.185248,118.025,0.232677,-54.8318
135,1339,-54.6012,0.269592,1768.4,0.32998,0.40833,0.502296,0.183562,118.692,0.208784,-54.8318
136,1349,-53.856,0.238245,1439.27,0.26875,0.49346,0.62927,0.150302,101.444,0.220974,-54.8318
137,1359,-54.6578,0.272727,1649.49,0.327271,0.487612,0.530517,0.158647,101.083,0.176761,-54.8318
138,1369,-56.2737,0.31348,2056.76,0.372597,0.313251,0.418222,0.238918,210.67,0.152934,-54.8318
139,1379,-56.7299,0.316614,2245.28,0.393095,0.377883,0.456273,0.2698,79.0155,0.234733,-54.8318
140,1389,-55.6591,0.282132,1855.85,0.357857,0.458182,0.548308,0.201646,82.3272,0.259601,-54.8318
141,1399,-55.5441,0.310345,1912.45,0.382655,0.418042,0.503722,0.196398,90.2903,0.227369,-54.8318
142,1409,-54.8451,0.269592,1668.48,0.345523,0.421695,0.520111,0.145867,76.8422,0.302481,-54.8318
143,1419,-54.4412,0.197492,1566.36,0.269325,0.396916,0.601,0.165037,75.0353,0.233037,-54.8318
144,1429,-52.6337,0.222571,1066.26,0.180627,0.438194,0.734433,0.113973,123.867,0.155107,-54.8318
145,1439,-54.2916,0.213166,1348.92,0.258555,0.493083,0.622439,0.126344,117.428,0.215858,-54.8318
146,1449,-53.9467,0.216301,1433.9,0.291476,0.527946,0.62169,0.120164,99.5237,0.130022,-54.8318
147,1459,-55.2922,0.291536,1873.39,0.365165,0.367925,0.485614,0.202995,470.05,0.166805,-54.8318
148,1469,-56.0919,0.322884,1985.76,0.406295,0.479669,0.455351,0.242508,175.93,0.163228,-54.8318
149,1479,-53.6837,0.244514,1466.39,0.305735,0.500112,0.583726,0.158536,78.0321,0.0969416,-54.8318
150,1489,-54.7534,0.263323,1658.86,0.31727,0.404817,0.554664,0.186744,108.555,0.178833,-54.8318
151,1499,-55.6795,0.31348,2138.46,0.396082,0.473846,0.412199,0.245772,120.261,0.148805,-54.8318
152,1509,-53.5979,0.275862,1537.65,0.30686,0.509482,0.582525,0.155892,79.4784,0.194107,-54.8318
153,1519,-56.1963,0.278997,1999.94,0.4129,0.340049,0.371977,0.209999,340.568,0.129399,-54.8318
154,1529,-54.4624,0.288401,1887.06,0.368731,0.568009,0.44626,0.184117,95.7268,0.23245,-54.8318
155,1539,-55.5131,0.266458,1514.82,0.254041,0.301872,0.580056,0.155881,96.1084,0.269808,-54.8318
156,1549,-55.757,0.272727,1452,0.291952,0.553489,0.597638,0.136336,96.2051,0.299012,-54.8318
157,1559,-53.6478,0.288401,1431.12,0.256478,0.487807,0.627072,0.140119,91.5099,0.277501,-54.8318
158,1569,-54.8595,0.322884,1637.1,0.305378,0.424045,0.598282,0.172836,99.2963,0.224828,-54.8318
159,1579,-55.751,0.338558,1860.16,0.350669,0.384984,0.496078,0.228587,121.521,0.25069,-54.8318
160,1589,-55.5855,0.272727,1694.08,0.307635,0.372364,0.544519,0.192826,105.256,0.260491,-54.8318
161,1599,-53.4945,0.231975,1431.88,0.261554,0.482297,0.535651,0.13379,95.924,0.30693,-54.8318
162,1609,-56.0034,0.288401,1689.76,0.304687,0.327727,0.486646,0.167939,78.256,0.209417,-54.8318
163,1619,-55.3246,0.310345,2048.79,0.393131,0.498863,0.414867,0.209171,78.4808,0.274982,-54.8318
164,1629,-54.8713,0.291536,1739.41,0.310194,0.338453,0.550219,0.180696,80.7596,0.452784,-55.0573
165,1639,-55.1325,0.263323,1702.23,0.332037,0.400626,0.603169,0.200667,116.093,0.226248,-55.0573
166,1649,-54.524,0.263323,1706.09,0.313203,0.52104,0.592046,0.193438,95.161,0.215674,-55.0573
167,1659,-54.7717,0.244514,1691.74,0.314571,0.451456,0.550298,0.173048,75.8242,0.219468,-55.0573
168,1669,-53.2721,0.238245,1357.44,0.269005,0.538675,0.644276,0.126708,316.288,0.184808,-55.0573
169,1679,-55.159,0.31348,2057.53,0.403792,0.40364,0.44876,0.222638,308.401,0.215746,-55.0573
170,1689,-54.9212,0.316614,1719.69,0.301244,0.429073,0.54698,0.177247,307.613,0.154239,-55.0573
171,1699,-55.6681,0.297806,1742.11,0.346579,0.456908,0.52957,0.174219,104.002,0.175115,-55.0573
172,1709,-55.5576,0.297806,1838.95,0.340248,0.438852,0.512795,0.186762,90.4943,0.147109,-55.0573
173,1719,-55.8854,0.294671,2052.36,0.372172,0.425368,0.386645,0.20178,83.0409,0.212549,-55.0573
174,1729,-54.3717,0.288401,1900.27,0.346162,0.491983,0.503054,0.204943,82.9018,0.355295,-55.0573
175,1739,-54.4371,0.247649,1663.55,0.312091,0.399958,0.605922,0.192275,82.8566,0.341537,-55.0573
176,1749,-55.2701,0.275862,1950.25,0.37651,0.500782,0.433157,0.200268,246.061,0.115198,-55.0573
177,1759,-54.5295,0.282132,1616.34,0.353993,0.463478,0.568317,0.171811,93.6568,0.124799,-55.0573
178,1769,-55.0742,0.244514,1534.42,0.284012,0.449761,0.582617,0.188787,109.064,0.241282,-55.0573
179,1779,-55.2938,0.244514,1552.32,0.320392,0.343142,0.601582,0.172015,104.585,0.393969,-55.0573
180,1789,-54.3922,0.213166,1257.3,0.240676,0.457922,0.689346,0.121293,109.366,0.308173,-55.0573
181,1799,-54.8713,0.250784,1711.26,0.333663,0.451658,0.539926,0.169012,109.506,0.203853,-55.0573
182,1809,-53.6096,0.263323,1598.09,0.322335,0.562871,0.593044,0.180326,109.722,0.210313,-55.0573
183,1819,-55.0091,0.250784,1467.77,0.276896,0.415853,0.616525,0.136686,75.1601,0.197922,-55.0573
184,1829,-54.3588,0.231975,1644.95,0.320245,0.482891,0.54964,0.143795,301.307,0.0891031,-55.0573
185,1839,-53.8465,0.172414,1703.01,0.330292,0.469227,0.473698,0.152588,74.9587,0.169478,-55.0573
186,1849,-52.1686,0.194357,1210.29,0.239572,0.455195,0.659283,0.119723,76.4113,0.158605,-55.0573
